"ostim_id","sexlab_id","description"
"NibblesDoggystyle3-4","Nibblesdoggystyle3_S4","{actor0} is on all fours, pounding away in doggy style, his dick thrusting in and out of {actor1}'s pussy as she arches her back, also on all fours, facing away from him. At the same time, he's got a firm grip on her tits, groping and squeezing her breasts with his hands."
"NibblesFingeringn-1","NibblesFingeringN_S1","{actor0} sits on the ground with her feet flat, masturbating by rubbing her clitoris with her own hand, stimulating her vulva."
"NibblesCowgirl6-1","NibblesCowgirl6_S1","{actor1} is squatting over {actor0}, who's lying back, as she rides him in a cowgirl position, her vulva enveloping his erect penis, their bodies moving in sync as they engage in passionate vaginal sex, with {actor1} taking the lead. Meanwhile, {actor1} nibbles on {actor0}'s chest, adding an extra layer of intimacy to their intense lovemaking."
"NibblesCowgirl6-2","NibblesCowgirl6_S2","{actor1} is sitting on top of {actor0}, riding him in a cowgirl position as {actor0} lies back on the bottom, his body swaying to the rhythm. As they engage in passionate vaginal sex, {actor0} wraps his arms around {actor1}'s body, holding her close, with {actor1} taking the lead, her movements becoming more fervent as she nibbles on his ear."
"NibblesCowgirl6-3","NibblesCowgirl6_S3","{actor1} is seated on top of {actor0}, who's lying back, as they engage in a passionate cowgirl-style vaginalsex session. {actor0} is grips {actor1}'s body with his hands as she actively rides his shaft, their bodies moving in rhythm as they savor the intensity of the moment."
"NibblesCowgirl6-4","NibblesCowgirl6_S4","{actor1} is on top of {actor0}, riding him in a cowgirl position as she nibbles on his skin, her vulva enveloping his erection in a sensual, sexual dance. Meanwhile, {actor0} wraps his arms around {actor1} in a one-sided hug, his hands also sneaking around to grope her butt, adding an extra layer of sensuality to their intimate moment."
"NibblesCowgirlfemdom-2","NibblesCowgirlFemdom_S2","{actor1} is in a squatting position, her feet firmly on the ground, as she straddles {actor0} who lies back, his body submissive to her dominance. She's in control, actively riding him in a fierce cowgirl pose, her vulva enveloping his erect penis as they engage in passionate vaginal sex, while she holds his head and neck in a firm grip, asserting her femdom power."
"NibblesCowgirlfemdom-3","NibblesCowgirlFemdom_S3","{actor1} is squatting over {actor0}, who's lying back, as she takes charge in a dominant cowgirl position, her vulva engulfing his throbbing cock in a passionate vaginal sex act, while she firmly holds his arm with her hand, nibbling on his skin."
"NibblesDoggystyle3-1","Nibblesdoggystyle3_S1","{actor0} is kneeling behind {actor1} as she's on all fours, facing away from him, and he's nibbling on her skin while thrusting his cock into her pussy in a doggystyle position, holding onto her hip with his hand."
"NibblesFfPack","\N","{actor0} and {actor1}, two women, stand facing each other, their feet planted firmly on the ground, anticipation radiating from their bodies as they wait for their next erotic encounter."
"NibblesFmPack","\N","{actor0} and {actor1} stand facing each other, their bodies tense with anticipation, both of them clearly eager to dive into their next erotic encounter. The air is electric with expectation as they wait for the moment to transition from idle to intimate."
"NibblesGroupFmmHub","\N","{actor0}, {actor1}, and {actor2} stand idle, their bodies tense with anticipation, as they await the start of their upcoming escapade. The air is thick with expectation, each of them ready to dive into the wild ride ahead."
"NibblesHumanPage1","\N","{actor0} is standing with his feet hip-width apart, while {actor1} stands beside him, her eyes locked onto his, both of them poised and ready for whatever comes next."
"NibblesHumanFmHub","\N","{actor0} and {actor1} stand facing each other, both with their feet firmly on the ground, anticipation building as they await their next intimate encounter. The air is electric with expectation, their bodies poised and ready for the action to come."
"NibblesCowgirlfemdom-4","NibblesCowgirlFemdom_S4","{actor1} is squatting over {actor0}, facing away from him, with her feet planted firmly on the ground, her thighs gripping his waist as she rides him in a cowgirl position. At the same time, she's holding onto his leg for leverage, while {actor0} lies back, his penis deep inside her vulva as she actively thrusts against him, their bodies moving together in a sensual rhythm."
"NibblesCowgirlfemdom-5","NibblesCowgirlFemdom_S5","{actor1} is squatting over {actor0}, who's lying back, with her feet firmly planted on the ground, facing away from him. As she bounces up and down, her vulva envelops his throbbing cock, both reaching their orgasmic peak in unison, {actor1} intensifying the sensation by gripping his thigh."
"NibblesDoggystyle3-2","Nibblesdoggystyle3_S2","{actor0} is kneeling behind {actor1}, who is on all fours facing away, as he pounds into her pussy in a passionate doggystyle session. At the same time, {actor0} wraps his arms around {actor1}'s torso, pulling her close in a sensual hug as he nibbles on her neck."
"NibblesDoggystyle3-3","Nibblesdoggystyle3_S3","{actor0} is kneeling behind {actor1}, who's on all fours facing away, as he nibbles on her while thrusting his stiff cock into her wet pussy in doggystyle position, his hands gripping her hips."
"NibblesDoggystyle3-5","Nibblesdoggystyle3_S5","{actor0} is on all fours, feet on the ground, pounding away in doggystyle as {actor1} assumes the same position, facing away from him. They're both climaxing simultaneously, his penis deep inside her vulva as she experiences an intense orgasm."
"NibblesDoggystyle4-1","Nibblesdoggystyle4_S1","{actor0} and {actor1} are kneeling, face-to-face, as they engage in a passionate kiss. Meanwhile, {actor0} is grinding his cock against {actor1}'s pussy, treating her to a sensual delight, while he gently holds onto her hip, adding a touch of romance to their intimate moment."
"NibblesDoggystyle4-3","Nibblesdoggystyle4_S3","{actor0} is kneeling behind {actor1}, who's on all fours facing away from him, as he nibbles on her skin while thrusting his cock into her pussy in a doggystyle position, simultaneously holding onto her hip with one hand."
"NibblesDoggystyle4-4","Nibblesdoggystyle4_S4","{actor0} kneels behind {actor1}, who's on all fours facing away, as he slides his cock into her pussy from behind in a doggystyle position, simultaneously nibbling on her skin. He holds onto her hip with one hand, maintaining a sensual grip."
"NibblesDoggystyle4-5","Nibblesdoggystyle4_S5","{actor0} is kneeling behind {actor1}, who's also on her knees, facing away from him, as they're in a doggystyle position, with {actor0}'s penis deeply penetrating {actor1}'s vulva during passionate intercourse. As they both reach their peak, they're climaxing together, with {actor0} gently nibbling on {actor1}'s neck, while he's also wrapping his arms around her in a sensual, one-sided hug."
"NibblesFacesitting-1","NibblesFaceSitting_S1","{actor0} lies back on the bottom, his hands busy with his own masturbation as {actor1} sits on top of him, her feet firmly on the ground, her vulva in his face. {actor0}'s mouth is engaged in cunnilingus, orally pleasuring {actor1}'s vulva as she facesits on him."
"NibblesFacesitting-2","NibblesFaceSitting_S2","{actor1} is squatting on top of {actor0}, who's lying back on the bottom, as she sits on his face, her vulva in his mouth. At the same time, {actor1} is holding {actor0}'s head in place with her hands, while {actor0} is masturbating himself, his hand moving up and down his shaft."
"NibblesFacesitting-3","NibblesFaceSitting_S3","{actor1} is on top of {actor0}, who's lying on his back, with her vulva in his face as she assumes a dominant all-fours position, actively grinding her pussy against his mouth as he eats her out, his lips wrapped around her vulva."
"NibblesFacesitting-4","NibblesFaceSitting_S4","{actor1} is kneeling on top of {actor0}, who is lying back with his feet on the ground, as she assumes a dominant position. Meanwhile, {actor0} is performing cunnilingus on {actor1} without using his tongue, while {actor1} is actively grinding against his face, and they share a romantic moment by holding hands."
"NibblesFacesitting-5","NibblesFaceSitting_S5","{actor0} is lying on his back with his feet planted firmly on the ground, as {actor1} kneels on top of him, her face hovering above his. She's actively grinding her vulva onto his face, climaxing as he performs cunnilingus, his mouth wrapped around her, while he holds onto her body with one hand."
"NibblesFingeringn-2","NibblesFingeringN_S2","{actor0} is lying back with her legs spread, pleasuring herself with her fingers, enjoying a sensual moment of self-indulgence."
"NibblesFingeringn-3","NibblesFingeringN_S3","{actor0} is lying back with her legs spread, using her fingers to gently nibble and tease her own vulva as she masturbates, lost in a moment of solo pleasure, her fingers moving in a sensual rhythm."
"NibblesFingeringn-4","NibblesFingeringN_S4","{actor0} lies back with her legs spread wide, her feet flat on the ground, as she masturbates, rubbing her clitoris with her own hand, pleasure coursing through her body."
"NibblesFingeringn-5","NibblesFingeringN_S5","{actor0} lies back with her legs spread wide, her feet flat on the ground, as she frenziedly rubs her own clit, her body trembling in ecstasy as she reaches a mind-shattering orgasm."
"NibblesHumanPage2","\N","{actor0} and {actor1} stand facing each other, their bodies tense with anticipation, both of them ready to dive into their next erotic encounter. The air is electric with expectation as they wait for the moment to surrender to their desires."
"NibblesFPack","\N","{actor0} stands with her feet shoulder-width apart, her eyes gleaming with anticipation as she waits for the scene to unfold."
"NibblesLesbianFffHub","\N","{actor0}, {actor1}, and {actor2} stand idly, all three females on their feet, anticipation building as they wait for the scene to unfold."
"NibblesLesbianFfHub","\N","{actor0} and {actor1}, two women, stand side by side with their feet firmly on the ground, anticipating their next erotic encounter with bated breath, their bodies at the ready. The atmosphere is charged with anticipation as they wait for the moment to dive into their next passionate exchange."
"NibblesLapfuck-3","NibblesLapFuck_S3","{actor1} is kneeling on top of {actor0}, who's sitting on the bottom, as she rides him in a cowgirl position, her vulva enveloping his erect penis in a sensual vaginalsex act. At the same time, {actor1} is hugging {actor0} tightly, her arms wrapped around him in a tender, one-sided hug."
"NibblesLapfuck-4","NibblesLapFuck_S4","{actor1} is kneeling on top of {actor0}, facing away from him, as she assume the cowgirl position, her vulva enveloping his throbbing shaft in a sensual union. At the same time, they share a tender, one-sided embrace, with {actor0} wrapping his arms around {actor1} and pulling her close, while {actor1} returns the affection, her arms encircling him in a warm, sensual hug, as they savor the intimate moment, with {actor1} nibbling gently on his neck, heightening their passion."
"NibblesLapfuck-5","NibblesLapFuck_S5","{actor1} is kneeling on top of {actor0} in a cowgirl position, their bodies pressed together as they share a romantic, sensual kiss. Meanwhile, {actor0} sits at the bottom, with {actor1} actively riding him in a sexual vaginal sex act. As they both climax, {actor1} gently nibbles at {actor0}, holding his head with one hand, while {actor0} wraps his arms around {actor1} in a sensual one-sided hug."
"NibblesLapfuck2-1","NibblesLapFuck2_S1","{actor1} is sitting on top of {actor0}, who is sitting with his butt on the ground, her feet planted firmly on the floor. As they share a romantic and sensual kiss, {actor0} wraps his arms around {actor1} in a sensual hug, and {actor1} reciprocates, holding him close in a tender embrace, nibbling gently."
"NibblesLapfuck2-3","NibblesLapFuck2_S3","{actor1} straddles {actor0} in a cowgirl position, her feet planted firmly on the ground as she sits on top of him, actively riding his stiff cock while he sits on the bottom, his hands grasping her hips."
"NibblesLapfuck2-5","NibblesLapFuck2_S5","{actor0} is sitting on the bottom, his legs slightly spread apart, as {actor1} straddles him in a cowgirl position, her feet planted firmly on the ground. As they engage in passionate vaginal sex, {actor1} takes charge, actively riding {actor0} who is climaxing, his hands grasping onto {actor1}'s body, holding her close as she nibbles on his skin, both of them reaching a simultaneous orgasmic peak."
"NibblesLesbiancuddling-1","NibblesLesbianCuddling_S1","{actor0} and {actor1} are lying side by side, sensually groping each other's butt, with {actor0}'s hands caressing {actor1}'s cheeks. At the same time, they're cuddling each other, with {actor0} nuzzling {actor1} and {actor1} wrapping their arms around {actor0}, both lost in the intimate moment, nibbling each other's skin."
"NibblesLesbiancuddling-2","NibblesLesbianCuddling_S2","{actor0} lies back on the bottom, while {actor1} lies on top of her, their bodies entwined as they share a romantic and sensual kiss. Meanwhile, {actor0}'s hands roam over {actor1}'s butt, giving it a sensual groping, as {actor1} wraps her arms around {actor0}, pulling her close in a sensual hug."
"NibblesLesbiancuddling-5","NibblesLesbianCuddling_S5","{actor0} lies on her back at the bottom, while {actor1} lies on top of her, their bodies pressed together in a sensual embrace. As they share a romantic kiss, they simultaneously engage in a passionate tribbing session, their vulvas grinding against each other in a sexual frenzy, all while exchanging tender hugs, with {actor0} wrapping her arms around {actor1} and {actor1} reciprocating the affectionate squeeze."
"NibblesLesbiancuddling-6","NibblesLesbianCuddling_S6","{actor0} is lying back on the bottom, climaxing, as {actor1} lies front on top, also climaxing, the two women engage in a passionate tribbing session, their vulvas grinding together in a sensual rhythm, at the same time, {actor0} wraps her arms around {actor1} in a romantic hug, pulling her close, while {actor1} reciprocates the affectionate gesture, embracing {actor0} tightly."
"NibblesLesbianthreesome-1","NibblesLesbianThreesome_S1","{actor0} lies on her front as she uses her fingers to sexually stimulate {actor2}'s vulva. Meanwhile, {actor1} kneels beside them, sharing a romantic and sensual kiss with {actor2}, who sits with her feet on the ground."
"NibblesLesbianthreesome-2","NibblesLesbianThreesome_S2","{actor0} is lying on her front, her face buried between {actor2}'s legs as she eagerly licks her vulva with her tongue. At the same time, {actor1} is lying on her front next to them, her hand busy fingering her own vulva as she passionately kisses {actor2}, who is lying back with her feet planted on the ground."
"NibblesLesbianthreesome-3","NibblesLesbianThreesome_S3","{actor0} lies on her side, simultaneously nibbling on {actor2}'s vulva with her tongue and fingering her own pussy. Meanwhile, {actor2} lies back, her legs spread apart, as she licks {actor1}'s vulva, who is positioned on all fours, her ass in the air."
"NibblesLesbianthreesome-4","NibblesLesbianThreesome_S4","{actor0}, {actor1}, and {actor2} are lying sideways on the ground, with their feet touching the floor. {actor0} is licking {actor1}'s vulva with her tongue, {actor1} is licking {actor2}'s vulva with her tongue, and {actor2} is licking {actor0}'s vulva with her tongue, all simultaneously engaging in a oral sexual act, each one receiving and giving pleasure."
"NibblesLesbianthreesome-5","NibblesLesbianThreesome_S5","{actor0}, {actor1}, and {actor2} are in a passionate scene, with all three women lying on their sides. {actor0} is climaxing as she licks {actor1}'s vulva with her tongue, while {actor1} is also climaxing as she simultaneously licks {actor2}'s vulva. Meanwhile, {actor2} is climaxing as she licks {actor0}'s vulva, creating a sensual and intimate oral sex chain reaction."
"NibblesAfMimic-5","NibblesMimic_S5","{actor0} lies back, her body racked with pleasure as she climaxes, with one dildo diligently working her vagina and another simultaneously targeting her anus, heightening her orgasmic crescendo."
"NibblesAdaptedFChairHub","\N","{actor0}, a female, is sitting in a chair, exuding an air of anticipation, her eyes gleaming with expectation as she waits for the next erotic escapade to unfold."
"NibblesAdaptedFfTableHub","\N","{actor0} and {actor1}, two women, stand with their feet on the ground beside a table, eagerly anticipating their next erotic encounter. They exchange flirtatious glances, their bodies tense with anticipation, ready to dive into a passionate experience."
"NibblesAdaptedFHub","\N","{actor0}, a female, stands with her feet on the ground, anticipating her next erotic encounter, her body poised and ready for action."
"NibblesAdaptedFmBedHub","\N","{actor0} lies back on the bed, while {actor1} relaxes beside him, also on her back, as they both anticipate their upcoming intimate encounter. The air is thick with anticipation, but for now, they simply share a moment of calm togetherness."
"NibblesAdaptedFmTableHub","\N","{actor0} and {actor1} stand facing each other by the table, both on their feet, anticipation building as they wait for their next intimate encounter. The tension is palpable as they pause, expecting the moment to escalate into something more passionate."
"NibblesAdaptedFmChairHub","\N","{actor0} is sitting in the chair, while {actor1} is standing beside him, her feet firmly on the ground, both of them poised in anticipation of their upcoming intimate encounter. The air is charged with expectation as they wait for the moment to escalate their desires."
"Nibbles69consensual-2","Nibbles69Consensual_S2","{actor1} is lying on her side, gently nibbling on {actor0}'s ear as they share a sensual, romantic kiss. At the same time, she's giving him a handjob, stroking his cock with a tender touch as he lies back, enjoying the intimate moment."
"Nibbles69consensual-3","Nibbles69Consensual_S3","{actor0} lies on his back, while {actor1} is on top of him, facing away, in a 69 position. {actor0} is licking {actor1}'s vulva with his tongue, as {actor1} simultaneously gives him a blowjob, her mouth wrapped around his penis."
"Nibbles69consensual-5","Nibbles69Consensual_S5","{actor0} lies back on the bottom, while {actor1} lies front on top, facing away from him, in a 69 position. As they engage in a simultaneous oral exchange, {actor0} licks {actor1}'s vulva with his tongue, and {actor1} performs a blowjob on {actor0}'s penis."
"NibblesLesbiancuddling-3","NibblesLesbianCuddling_S3","{actor0} lies on her back, bottom in contact with the surface, as {actor1} lies on top of her, their fronts pressed together. {actor0} wraps her arms around {actor1} in a sensual hug, while {actor1} passionately kisses her, their lips locked in a romantic and sensual kiss. At the same time, {actor1}'s hand is between {actor0}'s legs, rubbing her clitoris in a sexual touch, as {actor1} also holds {actor0}'s arm with her other hand."
"NibblesLesbiancuddling-4","NibblesLesbianCuddling_S4","{actor0} lies back on the bottom, while {actor1} lies on top, embracing her with a sensual hug. At the same time, {actor1} and {actor0} share a romantic and sensual kiss. {actor0} has her hand buried between {actor1}'s legs, sexually fingering her vulva. As they bask in the intimacy, {actor1} also wraps her arms around {actor0}, pulling her into a sensual hug."
"NibblesMissionary2-1","Nibblesmissionary2_S1","{actor0} is on top of {actor1}, in a missionary position, with {actor1} lying back as he mounts her. As they engage in passionate vaginal sex, {actor0} wraps his arms around {actor1} in a sensual hug, while {actor1} reciprocates by embracing him tightly, her arms wrapped around his torso, their bodies entwined in a romantic and intimate connection."
"NibblesMissionary2-2","Nibblesmissionary2_S2","{actor0} is on top of {actor1}, in a missionary position, with {actor1} lying back as {actor0} kneels over her, his penis thrusting into her vulva. As they engage in passionate vaginal sex, {actor1} wraps her arms around {actor0}, pulling him close in a sensual hug."
"NibblesAfChairdildo-1","NibblesChairDildo_S1","{actor0} is sitting in a chair with her feet on the ground, gently nibbling on her own vulva, indulging in a sensual moment of self-pleasure."
"NibblesAfChairdildo-2","NibblesChairDildo_S2","{actor0} is sitting in a chair with her feet on the ground, masturbating with her fingers inserted into her vagina, slowly building up to a gentle orgasm."
"NibblesAfChairdildo-3","NibblesChairDildo_S3","{actor0} is sitting in a chair with her feet on the ground, gently nibbling on her own pussy as she masturbates, her fingers mildly penetrating her vagina."
"NibblesAfChairdildo-4","NibblesChairDildo_S4","{actor0} is sitting in a chair with her feet flat on the ground, her fingers gently nibbling at her own vulva as she pleasures herself."
"NibblesAfChairdildo-5","NibblesChairDildo_S5","{actor0} is sitting in a chair with her feet firmly on the ground, her body shuddering in ecstasy as she reaches a orgasmic peak, her fingers expertly stimulating her own vulva in a self-induced climax, while also masturbating with a dildo that's nestled inside her, her hips subtly rocking back and forth to enhance the intense pleasure."
"NibblesAfDrunkmasturbation-1","NibblesDrunkMasturbation_S1","{actor0} sits with her feet on the ground, her fingers busy as she pleasures herself, her vulva being stimulated by her own touch in a moment of solo intimacy."
"NibblesAfDrunkmasturbation-2","NibblesDrunkMasturbation_S2","{actor0} sits on the ground with her feet planted firmly, her fingers teasing her own clit as she indulges in some solo pleasure, lost in the sensual thrill of self-exploration."
"NibblesAfDrunkmasturbation-3","NibblesDrunkMasturbation_S3","{actor0} is kneeling, grinding her hips against a sex object, the friction building up to a sensual climax as she savors the erotic sensation."
"NibblesAfDrunkmasturbation-4","NibblesDrunkMasturbation_S4","{actor0} is on her knees, pleasuring herself by rubbing her own clitoris as she engages in some solo mild vaginal fingering."
"NibblesAfDrunkmasturbation-5","NibblesDrunkMasturbation_S5","{actor0} lies on her front, her feet planted firmly on the ground, as she simultaneously pleasures herself with her fingers in a solo sexual act, while also having her anus penetrated by a dildo."
"NibblesAfLesbianhaycun-1","NibblesLesbianHayCun_S1","{actor0} sits at the table, while {actor1} kneels before her, her tongue dancing across {actor0}'s vulva as she devours her with passionate licks, sending shivers down {actor0}'s spine."
"NibblesAfLesbianhaycun-3","NibblesLesbianHayCun_S3","{actor0} sits at the table, her head held gently by {actor1}, who is kneeling in front of her. At the same time, {actor1} is licking {actor0}'s vulva with her tongue, while also masturbating herself with her own hand."
"NibblesAfMimic-3","NibblesMimic_S3","{actor0} lies back, receiving simultaneous mild vaginal and anal dildo penetration, her body accommodating both objects as she remains still."
"NibblesAfLesbianhaycun-2","NibblesLesbianHayCun_S2","{actor0} is sitting at the table, while {actor1} is kneeling in front of her, holding {actor0}'s head in place as she goes down on her, her tongue working {actor0}'s vulva in a sensual oral caress. At the same time, {actor1} is also pleasuring herself, slipping into a state of mutual arousal with {actor0}."
"NibblesAfLesbianhaycun-4","NibblesLesbianHayCun_S4","{actor0} lies back on the table, legs spread, while {actor1} kneels between them, her mouth devouring {actor0}'s vulva with her tongue, lavishing attention on her sensitive spots, performing a sensual oral act."
"NibblesAfLesbianhaycun-5","NibblesLesbianHayCun_S5","{actor0} is lying back on the table, while {actor1} is kneeling over her, her mouth buried between {actor0}'s thighs as she licks her vulva with her tongue, delivering a tender and intimate oral caress."
"NibblesAfLesbianhaycun-6","NibblesLesbianHayCun_S6","{actor0} lies back on the table, her body racked with pleasure as she reaches orgasm, while {actor1} kneels between her legs, her mouth latched onto {actor0}'s vulva, her tongue darting in and out as she performs voracious oral sex, sending {actor0} into a frenzy of delight."
"NibblesAfMimic-1","NibblesMimic_S1","{actor0}, a female, stands with her feet on the ground, bending over as she indulges in some self-pleasure, her fingers gently nibbling at her vulva while she simultaneously fingers herself, her mild digital vaginal penetration bringing her a sense of arousal."
"NibblesAfMimic-2","NibblesMimic_S2","{actor0}, a female, stands with her feet on the ground, bending over as she indulges in some intimate play, her fingers gently nibbling at her own vulva while simultaneously masturbating with mild vaginal penetration."
"NibblesAfMimic-4","NibblesMimic_S4","{actor0} lies back, their body relaxed as they simultaneously receive mild vaginal and anal dildo stimulation, their vulva and anus being gently caressed by the toys."
"NibblesAfSpanking-1","NibblesSpanking_S1","{actor0} is sitting in the chair with his feet planted firmly on the ground, while {actor1} is lying front-down across his lap, her feet also on the ground, as he gently nibbles on her skin and playfully spanks her."
"NibblesAfSpanking-2","NibblesSpanking_S2","{actor0}, a male, sits on the chair with his feet planted firmly on the ground, while {actor1}, a female, lies front-first across his lap, her body positioned for a spanking, as he gently nibbles on her skin."
"NibblesAfSpanking-3","NibblesSpanking_S3","{actor0} is sitting in the chair with his feet firmly on the ground, while {actor1} is lying front-down across his lap, her feet also touching the floor."
"NibblesAfSpanking-4","NibblesSpanking_S4","{actor0} sits in the chair, feet planted firmly on the ground, while {actor1} lies on her front across his lap, her feet also on the ground."
"NibblesAfSpanking-5","NibblesSpanking_S5","{actor0} sits in the chair with his feet planted firmly on the ground, while {actor1} lies front-first across his lap, her feet also touching the floor, receiving a gentle spank on her backside as {actor0} nibbles on her neck."
"NibblesAfSpankingchair-2","NibblesSpankingChair_S2","{actor0} is sitting in the chair, while {actor1} is lying front down across his lap, her feet dangling in the air, as he nibbles on her skin, his hand raised to spank her at any moment."
"NibblesAfSpankingchair-3","NibblesSpankingChair_S3","{actor0} is sitting in the chair with his feet on the ground, while {actor1} is lying front-first across his lap, her body positioned in a way that suggests a recent or impending spank, with {actor0}'s face close to hers as if he's about to nibble on her skin."
"NibblesAfSpankingchair-4","NibblesSpankingChair_S4","{actor1} is standing in front of {actor0}, who's sitting in the chair with his feet on the ground, as she playfully nibbles on his ear, teasing him."
"NibblesAfTablefuck-1","NibblesTableFuck_S1","{actor0} stands beside the bed, his feet planted firmly on the ground, as he leans over to passionately kiss {actor1}, who lies back on the bed, her body relaxed and receptive. At the same time, he gently holds her hand, feeling a romantic connection, while his other hand cradles her head, supporting it as they share a sensual and romantic kiss."
"NibblesAfTablefuck-2","NibblesTableFuck_S2","{actor0} stands beside the bed, his feet planted firmly on the ground, as he grinds his penis against {actor1}'s vulva, his body positioned to maximize the sensual contact. Meanwhile, {actor1} lies back on the bed, her legs slightly parted, allowing {actor0} to hold onto her leg as he moves against her."
"NibblesAfTablefuck-4","NibblesTableFuck_S4","{actor0} stands beside the bed, his feet planted firmly on the ground, as he engages in vaginal sex with {actor1}, who lies back on the bed, her vulva wrapped around his penis. Meanwhile, {actor0} wraps his arms around {actor1} in a sensual hug, and she reciprocates, embracing him tightly, their bodies entwined in a passionate lovers' hold."
"NibblesAfTablefuck-5","NibblesTableFuck_S5","{actor0} stands beside the bed, feet planted firmly on the ground, as he reaches his orgasmic peak. Meanwhile, {actor1} lies back on the bed, also climaxing, with {actor0}'s penis buried deep within her vulva as they engage in passionate vaginal sex. At the same time, {actor1} wraps her arms around {actor0}, holding him close in a sensual, one-sided hug."
"NibblesAfTablestandingbehind-1","NibblesTableStandingBehind_S1","{actor0} kneels beneath {actor1}, who stands with her feet on the ground, bent over and facing away from him, as he buries his face in her vulva, his tongue licking her swollen lips, while his hands grasp her hips, holding her in place."
"NibblesAfTablestandingbehind-2","NibblesTableStandingBehind_S2","{actor0} is standing behind {actor1}, who is bent over and facing away from him, with her feet on the ground. He's grinding his cock against her pussy, his hands holding onto her hips as they nibble on something at the table."
"NibblesAfTablestandingbehind-3","NibblesTableStandingBehind_S3","{actor0} is standing behind {actor1}, who is bent over with her feet on the ground, her back to him, as he nibbles on her. He's holding her hip with one hand while thrusting his cock into her pussy from behind."
"NibblesAfTablestandingbehind-5","NibblesTableStandingBehind_S5","{actor0} is standing with his feet on the ground, climaxing as he penetrates {actor1}'s pussy from behind, holding onto her hip with one hand as she bends over, her feet also on the ground, and she's climaxing too, her back to him, at the table."
"NibblesAfTablestandingfront-2","NibblesTableStandingFront_S2","{actor0} is standing with his feet on the ground, his penis buried deep in {actor1}'s vulva as they engage in passionate vaginal sex on the table. At the same time, he's gently holding {actor1}'s hip, who lies back, receiving him, as they savor the intimate moment."
"NibblesBellyflop-2","Nibblesbellyflop_S2","{actor0} is kneeling between {actor1}'s legs as she lies on her front, facing away from him, and he's thrusting his dick into her pussy in a passionate vaginal sex act."
"NibblesBellyflop-3","Nibblesbellyflop_S3","{actor0} is kneeling, thrusting his cock into {actor1}'s pussy as she lies on her front, facing away from him, her body arched in pleasure."
"NibblesBellyflop2-1","Nibblesbellyflop2_S1","{actor0} is kneeling beside {actor1}, who is lying on her front, facing away from him. He's thrusting his cock into her pussy while simultaneously groping her butt with his hands."
"NibblesAfTablefuck-3","NibblesTableFuck_S3","{actor0} stands beside the bed, his feet planted firmly on the ground, as he engages in vaginal sex with {actor1}, who lies back on the bed, her body receptive to his advances. Meanwhile, {actor1} wraps her arms around {actor0}, pulling him into a sensual one-sided hug, as he nibbles on her skin, their bodies entwined in a passionate embrace."
"NibblesAfTablestandingbehind-4","NibblesTableStandingBehind_S4","{actor0} is standing at the table, his feet planted firmly on the ground, as he rails {actor1} from behind, his dick sliding in and out of her pussy. Meanwhile, he's got a tight grip on her hip, holding her in place as she bends over, her feet still on the ground, her back to him, her body arched in pleasure."
"NibblesAfTablestandingfront-3","NibblesTableStandingFront_S3","{actor0} is standing beside the table with his feet on the ground, his penis inside {actor1}'s vulva as they engage in vaginal sex. At the same time, he's holding {actor1}'s hip, his hand grasping her gently as she lies back on the table."
"NibblesAfTablestandingfront-4","NibblesTableStandingFront_S4","{actor0} stands beside the table, his feet planted firmly on the ground, as he engages in vaginal sex with {actor1}, who lies back on the table, his penis thrusting into her vulva. Meanwhile, {actor0} wraps his arms around {actor1} in a sensual one-sided hug."
"NibblesAfTablestandingfront-5","NibblesTableStandingFront_S5","{actor0} stands at the table, his feet planted firmly on the ground, as he reaches orgasm, his body trembling with release. Meanwhile, {actor1} lies back on the table, her body also racked with pleasure as she climaxes. {actor0}'s penis is deep inside {actor1}'s vulva as they engage in passionate vaginal sex. At the same time, {actor0}'s hands are all over {actor1}'s breasts, groping and caressing them sensually. As they're lost in the moment, {actor0} wraps his arms around {actor1} in a tight hug, pulling her close, and {actor1} reciprocates, embracing {actor0} just as fiercely."
"NibblesAfTentacledoggy-1","NibblesTentacleDoggy_S1","{actor0}, a female, is on all fours, grinding against an object, her movements sensual and deliberate as she seeks sexual pleasure."
"NibblesAfTentacledoggy-2","NibblesTentacleDoggy_S2","{actor0}, a female, is on all fours, her knees digging into the surface as she receives mild vaginal sex, with her partner thrusting into her from behind."
"NibblesAfTentacledoggy-3","NibblesTentacleDoggy_S3","{actor0} is on all fours as she receives mild vaginal penetration, her partner's erection sliding in and out of her wet pussy."
"NibblesAfTentacledoggy-4","NibblesTentacleDoggy_S4","{actor0} lies on her front, her body relaxed as she receives mild vaginal penetration, her partner's shaft sliding smoothly in and out of her pussy."
"NibblesAfTentacledoggy-5","NibblesTentacleDoggy_S5","{actor0} is on all fours, her body in the midst of a fierce climax as she receives mild vaginal penetration."
"NibblesAfWorkbench-1","NibblesWorkbench_S1","{actor0} stands with his feet shoulder-width apart, stroking his stiff cock as he watches {actor1}, who is bent over the table, her feet still on the ground, facing away from him, her fingers busy massaging her wet pussy."
"NibblesAfWorkbench-2","NibblesWorkbench_S2","{actor0} is standing with his feet on the ground, masturbating with his own hand, while {actor1} stands facing away from him, bent over the table, teasing him."
"NibblesAfWorkbench-3","NibblesWorkbench_S3","{actor0} stands behind {actor1}, who is bent over the table, her feet on the ground, facing away from him, as he engages in vaginal sex with her, his penis thrusting into her vulva. Meanwhile, he nibbles on her neck, the scene transitioning into a more intimate moment."
"NibblesAfWorkbench-4","NibblesWorkbench_S4","{actor0} is standing behind {actor1}, who is bent over the table with her feet on the ground, her back facing him. He's nibbling on her neck as he holds onto her hip with one hand, while simultaneously thrusting his cock into her pussy from behind."
"NibblesAfWorkbench-5","NibblesWorkbench_S5","{actor0} is standing with his feet on the ground, holding {actor1}'s leg, as he pounds into her pussy from a standing position, her legs spread wide apart, while she stands with her feet on the ground, her table-supported body slightly arched back. Meanwhile, they share a passionate, intimate moment, lost in the heat of the vaginalsex."
"NibblesAfWorkbench-6","NibblesWorkbench_S6","{actor0} stands with his feet on the ground, his legs spread apart as he thrusts into {actor1}'s vulva, his penis deep inside her as they both reach a thunderous orgasm. At the same time, {actor0} vigorously holds {actor1}'s leg, her feet still on the ground, as she stands with her legs spread wide, her face contorted in ecstasy."
"NibblesAnalfingering-1","Nibblesanalfingering_S1","{actor0} is sitting on the bottom, while {actor1} is lying on top of him, facing away, her body positioned front-first. She's currently motionless, with her butt in the air, as {actor0} brings his hand down to spank her, his fingers nibbling at her skin before making contact."
"NibblesAnalfingering-3","Nibblesanalfingering_S3","{actor0} sits on the bottom, with {actor1} lying on top of him, facing away. As she leans back, {actor0} gently nibbles on her skin, while simultaneously using his hand to sexually stimulate her anus with his fingers, all the while holding hands with her in a romantic gesture."
"NibblesAnalfingering-4","Nibblesanalfingering_S4","{actor0} sits on the bottom, while {actor1} lies on top of him, facing away, her butt exposed. {actor0} reaches around to nibble her shoulder, as he simultaneously slips his finger into her asshole, teasing her with a sensual anal fingering."
"NibblesAnalfingering-5","Nibblesanalfingering_S5","{actor0} is sitting on the bottom, while {actor1} is lying on top of him, facing away. As she rides him, {actor0} is anally fingering {actor1}, bringing her to a intense orgasm, her body shuddering in ecstasy as she reaches a screaming climax."
"NibblesAnalfingering-2","Nibblesanalfingering_S2","{actor0} sits on the bottom, with {actor1} lying on top of him, facing away, her butt in the air. As they cuddle, {actor0} sensually gropes {actor1}'s butt with one hand, while holding her hand with the other, a romantic gesture."
"NibblesBellyflop-4","Nibblesbellyflop_S4","{actor0} is kneeling, his cock buried deep inside {actor1}'s pussy as she lies on her front, facing away from him, both of them reaching a frenzied orgasm."
"NibblesBellyflop2-3","Nibblesbellyflop2_S3","{actor0} is on all fours, while {actor1} lies on her front, facing away from him. As they engage in a passionate vaginal sex act, {actor0} thrusts his cock into {actor1}'s wet pussy, the two of them moving in sync as they build towards a fevered crescendo."
"NibblesBellyflop2-4","Nibblesbellyflop2_S4","{actor0} is on all fours, thrusting his dick into {actor1} from behind as she lies on her front, facing away from him, their bodies entwined in a passionate, primal union."
"NibblesBellyflop2-5","Nibblesbellyflop2_S5","{actor0} is lying on top of {actor1}, with his body pressed against hers as they face away from each other, his penis sliding in and out of her vulva in a sensual rhythm. At the same time, he wraps his arms around her, holding her close in a tender, one-sided hug, as {actor1} lies prone beneath him, her body receptive to his gentle nibbles."
"NibblesBlowjob2-1","Nibblesblowjob2_S1","{actor0} stands with his feet shoulder-width apart, his erect cock thrust into the eager mouth of {actor1}, who kneels before him, her lips wrapped around his shaft as she performs a passionate blowjob, her tongue dancing across his sensitive skin."
"NibblesBlowjob2-2","Nibblesblowjob2_S2","{actor0} stands tall, his feet firmly on the ground, as {actor1} kneels before him, her mouth wrapped around his throbbing cock, performing a deepthroat blowjob, her lips and tongue working in tandem to bring him intense pleasure."
"NibblesBlowjob2-3","Nibblesblowjob2_S3","{actor0} is standing with his feet on the ground, holding {actor1}'s head in place as she kneels before him, her mouth wrapped around his cock in a deepthroat blowjob, his hips thrusting forward as he takes an active role in the oral sex act."
"NibblesBlowjob2-4","Nibblesblowjob2_S4","{actor0} stands with his feet on the ground, holding {actor1}'s head in his hands as she sits with her feet on the ground, her mouth wrapped around his cock, deepthroating him."
"NibblesBlowjob2-5","Nibblesblowjob2_S5","{actor0} is standing with his feet on the ground, climaxing, as {actor1} sits in front of him, her mouth wrapped around his throbbing cock, giving him a passionate blowjob. At the same time, {actor0} has his hand on the back of {actor1}'s head, gently holding it in place as she sucks him off, her vulva visible beneath her."
"NibblesCowgirl3-1","NibblesCowgirl3_S1","{actor1} is riding {actor0} in a cowgirl position, her vulva sliding up and down on his shaft as she takes control, simultaneously nibbling on his neck, while {actor0} lies back, enjoying the sensation, his penis deep inside her."
"NibblesCowgirl3-2","NibblesCowgirl3_S2","{actor1} is sitting on top of {actor0}, who is lying back on the bottom, as she straddles him in a cowgirl position, her vulva enveloping his erect penis, while she nibbles on his skin, actively riding him in a passionate vaginal sex act."
"NibblesCowgirl3-3","NibblesCowgirl3_S3","{actor1} is riding {actor0} in a cowgirl position, her vulva enveloping his erection as she nibbles on his chest, while {actor0} lies back, taking it in, with {actor1} on top, her body positioned over his in a squatting all-fours stance."
"NibblesCowgirl3-4","NibblesCowgirl3_S4","{actor0} lies back on the bottom, climaxing, as {actor1} mounts him in a cowgirl position, her body transitioning into a sensual rhythm. With her legs straddling his hips, she's on all fours, taking the reins and actively riding him, their bodies engaging in passionate vaginal sex, both of them reaching a thrilling orgasm."
"NibblesCowgirl4-1","NibblesCowgirl4_S1","{actor1} is sitting on top of {actor0}, who's lying back on the bottom, as she rides him in a cowgirl position, her vulva enveloping his erect penis, while she simultaneously nibbles on his skin, actively controlling the vaginal sex as she bounces up and down on him."
"NibblesCowgirl4-2","NibblesCowgirl4_S2","{actor0} lies back on the bottom, as {actor1} sits on top of him, her vulva wrapped around his penis in a sensuous cowgirl pose, nibbling his skin as they engage in a passionate vaginal sex act, with {actor0} holding {actor1}'s arm, and {actor1} taking the lead in their intimate dance."
"NibblesCowgirl4-3","NibblesCowgirl4_S3","{actor1} is sitting on top of {actor0}, who's lying back on the bottom, as she rides him in a cowgirl position. {actor0} wraps his arms around {actor1}'s body, holding her close as she actively grinds against him, their vulva and penis moving in sync in a passionate and intimate vaginal sex act."
"NibblesCowgirl4-4","NibblesCowgirl4_S4","{actor1} is sitting on top of {actor0}, who's lying back on the bottom, as she rides him in a cowgirl position, their bodies engaged in passionate vaginal sex, with {actor1} taking the lead as the active performer, her vulva wrapped around {actor0}'s erect penis, while she nibbles on his skin, heightening the erotic intensity of the moment."
"NibblesCowgirl4-5","NibblesCowgirl4_S5","{actor0} lies back on the bottom, his cock thrusting upwards as {actor1} sits on top of him in a cowgirl position, her vulva enveloping his shaft as she takes control of the rhythm, both of them climaxing in unison. As they reach the peak, {actor1} nibbles on {actor0}'s chest, her hands grasping his body, holding him close as they ride out the orgasm together."
"NibblesCowgirl5-1","NibblesCowgirl5_S1","{actor1} is sitting on top of {actor0}, who's lying back on the bottom, as she rides him in a lusty cowgirl position, her vulva engulfing his erect shaft, while she nibbles on his ear, actively grinding her hips to create a sensual rhythm."
"NibblesCowgirl5-2","NibblesCowgirl5_S2","{actor1} is sitting on top of {actor0}, who's lying back, in a classic cowgirl position. She's actively grinding her vulva on his erect penis as she nibbles on his ear, the two engaged in passionate vaginal sex."
"NibblesCowgirl5-3","NibblesCowgirl5_S3","{actor1} straddles {actor0}, sitting on top of him as he lies back, her vulva grinding against his erect cock as she takes control of the vaginal sex, actively riding him in a thrilling cowgirl position, meanwhile nibbling on his ear or neck, adding to the sensual delight."
"NibblesMissionary2-4","Nibblesmissionary2_S4","{actor0} is on top of {actor1}, in a missionary position, with {actor1} lying back as {actor0} mounts her, his penis penetrating her vulva in a sensual, sexual vaginalsex act. As they move in unison, they share a tender moment, holding hands, their fingers intertwined in a romantic gesture."
"NibblesMissionary3-1","Nibblesmissionary3_S1","{actor0} is kneeling between {actor1}'s legs, his penis grinding against her vulva in a sensual missionary position, as he Tenderly holds her thigh with one hand, his fingers wrapped gently around her skin."
"NibblesMissionary3-2","Nibblesmissionary3_S2","{actor0} is kneeling between {actor1}'s legs as she lies back, his cock thrusting into her pussy in a passionate missionary position, while he gently holds her leg, nibbling on her skin, heightening their intimate connection."
"NibblesMissionary3-3","Nibblesmissionary3_S3","{actor0} is on top of {actor1}, mounting her in a missionary position, his knees spread wide as he supports himself on all fours. As he thrusts into her, his penis sinking deep into her vulva, {actor1} lies back, her body receptive to his advances, the two of them engaging in passionate vaginal sex."
"NibblesMissionary3-4","Nibblesmissionary3_S4","{actor0} is on top of {actor1}, in a missionary position, with {actor1} lying back beneath him. As they engage in passionate vaginal sex, {actor0} nibbles on {actor1}'s skin, while they share a tender, sensual hug, with {actor0} wrapping his arms around {actor1} and {actor1} reciprocating the embrace."
"NibblesMissionary3-5","Nibblesmissionary3_S5","{actor0} is on top of {actor1}, in a missionary position, with his penis inside her vulva, as they engage in vaginal sex. Both {actor0} and {actor1} are climaxing, their bodies entwined in a sensual hug, with {actor0} wrapping his arms around {actor1} and {actor1} reciprocating the embrace, nibbling on each other's skin."
"NibblesMissionary4-1","Nibblesmissionary4_S1","{actor0} is on top of {actor1}, who's lying on her back, as they go at it in a missionary position, with {actor0} grinding his cock into {actor1}'s pussy. Meanwhile, {actor1} gently holds {actor0}'s head, as {actor0} nibbles on her skin."
"NibblesMissionary4-2","Nibblesmissionary4_S2","{actor0} is on all fours, while {actor1} is lying back beneath him, her legs wrapped around his waist as they engage in a passionate missionary-style vaginal sex act, with {actor0}'s throbbing cock penetrating {actor1}'s wet pussy, the sexual tension building between them as they move in sync, {actor0} gently nibbling on {actor1}'s neck and shoulder."
"NibblesMissionary4-3","Nibblesmissionary4_S3","{actor0} kneels between {actor1}'s legs as she lies back, his erection buried deep inside her vulva in a passionate missionary position, her body wrapped in his embrace as he holds her close, his mouth nibbling on her skin, his thrusts slow and sensual, their bodies entwined in a heated sexual connection."
"NibblesMissionary4-4","Nibblesmissionary4_S4","{actor0} is kneeling between {actor1}'s legs as she lies back, his dick thrusting into her pussy in a sensual missionary position, while he holds her leg in a gentle grasp, his mouth nibbling on her skin."
"NibblesMissionary4-5","Nibblesmissionary4_S5","{actor0} is kneeling, his body rigid as he's climaxing, his dick thrusting inside {actor1}'s pussy in a missionary position, while she's lying back, her body shuddering as she reaches orgasm. At the same time, {actor0} is holding {actor1}'s leg, his hand gripping her thigh as he nibbles on her skin, their bodies transitioning into a moment of intense pleasure."
"NibblesReversecowgirl2-1","Nibblesreversecowgirl2_S1","{actor0} lies back, his body beneath {actor1}'s, as she sits on top of him in a reverse cowgirl position, her feet planted firmly on the ground, facing away from him. Meanwhile, {actor0}'s hand wraps around {actor1}'s arm, holding it in place, as he penetrates her vulva with his penis, their bodies moving in sync in a passionate, sexual rhythm."
"NibblesReversecowgirl2-2","Nibblesreversecowgirl2_S2","{actor0} sits on the bottom, while {actor1} kneels on top of him, facing away in a reverse cowgirl position. As they engage in vaginal sex, {actor0} uses his hand to hold onto {actor1}'s body, his penis deeply penetrating her vulva."
"NibblesReversecowgirl2-3","Nibblesreversecowgirl2_S3","{actor1} is squatting on top of {actor0}, who's lying back on the bottom, with her feet firmly planted on the ground and her back to him as they engage in passionate vaginal sex, his cock thrusting into her pussy. Meanwhile, she nibbles on his chest, adding an extra layer of intimacy to their reverse cowgirl position."
"NibblesReversecowgirl2-4","Nibblesreversecowgirl2_S4","{actor1} is riding {actor0} in a reverse cowgirl position, her knees straddling his hips as she faces away from him, her vulva enveloping his penis in a sensual, sexual dance, while she nibbles on his chest, as {actor0} lies back, enjoying the intense pleasure."
"NibblesReversecowgirl2-5","Nibblesreversecowgirl2_S5","{actor1} is kneeling on top of {actor0}, facing away from him, in a reverse cowgirl position, as she nibbles on his chest. Meanwhile, {actor0} lies back on the bottom, his penis penetrating {actor1}'s vulva in a passionate vaginal sex act."
"NibblesReversecowgirl2-6","Nibblesreversecowgirl2_S6","{actor0} lies back on the bottom, his cock thrusting upwards as {actor1} straddles him in a reverse cowgirl position, her vulva grinding against his erection as she kneels facing away from him. Both {actor0} and {actor1} reach a frenzied orgasm, their bodies shuddering in unison as they climax, with {actor1} nibbling on her lip in ecstasy."
"NibblesScrew-1","NibblesScrew_S1","{actor0} is kneeling between {actor1}'s spread legs, holding her leg in place as he thrusts his cock into her pussy in a missionary position, nibbling on her skin as they engage in passionate vaginal sex."
"NibblesScrew-2","NibblesScrew_S2","{actor0} is kneeling between {actor1}'s spread legs, facing her backside as he thrusts his cock into her pussy in a sensual missionary-style vaginalsex. He's got a firm grip on her leg, holding it in place as he nibbles on her skin, {actor1} lying on her side, facing away from him."
"NibblesScrew-3","NibblesScrew_S3","{actor0} is kneeling between {actor1}'s spread legs as she lies on her side, his dick thrusting into her pussy in a sensual missionary position, while he gently holds her leg, his mouth nibbling on her skin."
"NibblesScrew-4","NibblesScrew_S4","{actor0} is kneeling between {actor1}'s legs as they lie back, his penis deeply penetrating her vulva in a passionate missionary position, while he gently grips her thigh with one hand."
"NibblesSoloFHub","\N","{actor0} is standing with her feet shoulder-width apart on the ground, looking anticipatory as she awaits her next encounter."
"NibblesSidewaysfuck-1","NibblesSidewaysFuck_S1","{actor0} lies on his side, his feet planted firmly on the ground, as he's buried deep inside {actor1}'s pussy, his cock thrusting in and out of her vulva in a smooth, sensual rhythm, while {actor1} lies on her side, her body wrapped around his, her legs entwined with his, the two of them moving in perfect harmony."
"NibblesSidewaysfuck-2","NibblesSidewaysFuck_S2","{actor0} and {actor1} are lying side by side, with {actor0}'s feet planted firmly on the ground. As they engage in passionate vaginal sex, {actor0}'s hands roam {actor1}'s body, sensually groping her breasts and butt, while {actor1} receives his thrusts, their bodies entwined in a intimate embrace."
"NibblesSidewaysfuck-3","NibblesSidewaysFuck_S3","{actor0} is lying on his side, feet on the ground, with {actor1} lying beside him, her legs spread wide as she faces away. He's thrusting his cock into her pussy, his hand grasping her leg as they engage in passionate vaginal sex."
"NibblesSidewaysfuck-4","NibblesSidewaysFuck_S4","{actor0} lies on his side, his feet planted firmly on the ground, as he engages in passionate vaginal sex with {actor1}, who lies on her side with her legs spread wide and her back turned to him. As they move in unison, {actor0} reaches out to gently hold {actor1}'s leg, his hand wrapping around her thigh as they savor the intimate connection."
"NibblesStandingfuck4-1","Nibblesstandingfuck4_S1","{actor0} stands facing {actor1}, who has her back to him, and wraps his arms around her hips, holding her in place as he grinds his erection between her thighs, his hips thrusting gently in a sensual rhythm."
"NibblesStandingfuck4-2","Nibblesstandingfuck4_S2","{actor0} stands behind {actor1}, who is bent over with her feet on the ground, as he nibbles on her skin while holding her body with one hand and sliding his cock into her pussy from behind."
"NibblesStandingfuck4-3","Nibblesstandingfuck4_S3","{actor0} stands behind {actor1}, who is bent over, as he nibbles on her neck. He thrusts his cock into her pussy, holding onto her body with one hand, while she wraps her arms around him, pulling him close in a sensual hug."
"NibblesStandingfuck4-4","Nibblesstandingfuck4_S4","{actor0} stands with his feet on the ground, his penis thrusting into {actor1}'s vulva as they engage in vaginal sex. Meanwhile, {actor0} holds {actor1}'s leg, and {actor1} wraps her arms around {actor0} in a sensual one-sided hug, her legs spread wide as she nibbles on him."
"NibblesStandingfuck4-5","Nibblesstandingfuck4_S5","{actor0} stands with his feet shoulder-width apart, his erection buried deep within {actor1}'s pussy as she stands facing away from him, her legs spread wide, climaxing in sync with him. He has one hand grasping her thigh, holding her leg in place, while {actor1} wraps her arms around him, pulling him close in a sensual one-sided hug, both of them reaching a frenzied peak together."
"NibblesThreesome2-1","Nibblesthreesome2_S1","{actor0} is kneeling beside {actor1}, who is lying back, while {actor2} is lying on top of {actor1}, her front facing his. {actor0} is sensually groping {actor2}'s butt with one hand and using his other hand to sexually finger her vulva, as {actor2} simultaneously gives {actor1} a handjob, stroking his cock."
"NibblesThreesome2-2","Nibblesthreesome2_S2","{actor0} is kneeling, thrusting his dick into {actor2} from behind as she's on all fours, her hips being held by his hands. At the same time, {actor2} is giving {actor1} a blowjob, her mouth wrapped around his cock, as he lies back with his feet on the ground."
"NibblesThreesome2-3","Nibblesthreesome2_S3","{actor0} is kneeling, thrusting his dick into {actor2} from behind as she's on all fours, her hips held firmly by his hands. Meanwhile, {actor2} is simultaneously blowing {actor1}, who's lying back with his feet on the ground, his head held gently by {actor1}'s hands as he's actively receiving the blowjob."
"NibblesThreesome2-4","Nibblesthreesome2_S4","{actor0} is kneeling, thrusting his cock into {actor2} from behind as she's on all fours, her hips being held by his hands. At the same time, {actor2} is giving {actor1}, who is also kneeling, a blowjob, her mouth wrapped around his erect penis as {actor1} holds her head, his fingers tangled in her hair."
"NibblesThreesome2-5","Nibblesthreesome2_S5","{actor0} is on his knees, thrusting into {actor2} from behind as she's on all fours, his hands grasping her hips, while {actor1} kneels beside them, his head being held by {actor2} as she expertly sucks his cock, both men climaxing in unison."
"NibblesThreesomestanding-1","Nibblesthreesomestanding_S1","{actor0} stands idly by as {actor1} stands behind {actor2}, who is bent over, and slips his fingers into her pussy, fingering her vagina."
"NibblesThreesomestanding-2","Nibblesthreesomestanding_S2","{actor0} stands behind {actor2}, his penis thrusting into her vulva as he holds her leg. Meanwhile, {actor1} stands beside them, his penis penetrating {actor2}'s butt from behind, his hand grasping her body. As they engage in a double penetration, {actor2} wraps her arms around {actor0}, pulling him into a sensual hug, her lips nibbling on his skin."
"NibblesThreesomestanding-4","Nibblesthreesomestanding_S4","{actor0} and {actor1} are simultaneously penetrating {actor2}, who is suspended in mid-air, with {actor0} thrusting his cock into her pussy and {actor1} driving his dick into her ass. {actor0} is standing with his feet on the ground, holding one of {actor2}'s legs, while {actor1} is also standing, holding onto {actor2}'s body as they both ravage her."
"NibblesThreesomestanding-5","Nibblesthreesomestanding_S5","{actor0} and {actor1} stand with their feet on the ground, both reaching a thrilling orgasm as they simultaneously pleasure {actor2}, who is suspended in mid-air. {actor0}'s erection is thrust into {actor2}'s vulva, while {actor1}'s penis penetrates her butt, a double penetration that sends her into a frenzied climax. Meanwhile, {actor0} holds {actor2}'s leg, stabilizing her as she's sandwiched between the two men, while {actor1} wraps his arms around her, pulling her close in a sensual one-sided hug."
"Nibbles69consensual-1","Nibbles69Consensual_S1","{actor0} is lying back while {actor1} is lying on top of him, front to front, as she wraps her hand around his shaft and gives him a sensual handjob, stroking his cock in a smooth, deliberate motion."
"Nibbles69consensual-4","Nibbles69Consensual_S4","{actor0} lies on his back, with {actor1} on top of him, her feet planted firmly on the ground. She faces away from him, her mouth wrapped around his throbbing cock as she gives him a blowjob, while he simultaneously buries his face in her vulva, his tongue darting in and out as he licks her clit in a passionate 69 position."
"NibblesBellyflop-1","Nibblesbellyflop_S1","{actor0} is kneeling beside {actor1}, who's lying on her front, facing away from him. He's masturbating himself while simultaneously groping her butt with his free hand, his fingers caressing her skin in a sensual manner."
"NibblesBellyflop2-2","Nibblesbellyflop2_S2","{actor0} is kneeling behind {actor1}, who's lying on her front, facing away from him. He's thrusting his cock into her pussy while holding onto her hip, as he nibbles on her skin, creating a romantic and intimate atmosphere."
"NibblesBellyflop2-6","Nibblesbellyflop2_S6","{actor0} is lying on top of {actor1}, his body pressed against hers as they face away from each other, their hips locked in a passionate rhythm as he thrusts into her vulva, his penis sliding in and out of her in a sensual motion, both of them climaxing in unison. Meanwhile, {actor0} wraps his arms around {actor1} in a tight, sensual hug, pulling her close as they transition into a moment of tender intimacy."
"NibblesCowgirl5-4","NibblesCowgirl5_S4","{actor1} is sitting on top of {actor0}, who's lying back on the bottom, as she rides him in a passionate cowgirl position, her vulva enveloping his erect penis in a sensual, sexual union, with her gentle nibbles on his skin adding to the erotic intensity."
"NibblesCowgirl5-5","NibblesCowgirl5_S5","{actor1} is riding {actor0} in a fierce cowgirl position, her vulva sliding up and down on his erect cock as they share a passionate, sensual kiss, their tongues intertwining as they both reach a screaming orgasm, their bodies shuddering in unison as they climax. Meanwhile, {actor0} lies back, his eyes closed in ecstasy, his hands gripping {actor1}'s hips as she nibbles on his lip, their love-making reaching a fever pitch."
"NibblesCowgirl6-5","NibblesCowgirl6_S5","{actor1} straddles {actor0}, who's lying on his back, as they vigorously ride each other in a steamy cowgirl position, both of them climaxing in unison. At the same time, {actor0} wraps his arms around {actor1} in a sensual hug, while they share a romantic and sensual kiss. Additionally, {actor0} reaches around to grope {actor1}'s butt, heightening their passionate connection as they reach orgasm."
"NibblesCowgirlfemdom-1","NibblesCowgirlFemdom_S1","{actor1} sits on top of {actor0}, who lies back on the bottom, as she dominates him in a fierce cowgirl position. With one hand, she holds his arm, and with the other, she grasps his head, while simultaneously nibbling on his ear, as she actively rides his shaft, her vulva enveloping his penis in a passionate, sexual union."
"NibblesDoggystyle4-2","Nibblesdoggystyle4_S2","{actor0} is kneeling behind {actor1}, who's on all fours facing away from him, as he pounds into her vulva in a doggystyle position, his hands grasping her hips. At the same time, his mouth nibbles on her skin, adding a tender touch to their intense, sexual vaginal intercourse."
"NibblesLapfuck-1","NibblesLapFuck_S1","{actor0} is sitting on the bottom, while {actor1} is kneeling on top of him, riding him in a cowgirl position. As they engage in passionate vaginal sex, {actor1} is actively taking control, and {actor0} is holding onto her hip, adding a romantic touch to their intense encounter."
"NibblesLapfuck-2","NibblesLapFuck_S2","Here's the description of the scene:

{actor1} is kneeling on top of {actor0}, riding him in a provocative cowgirl position, her vulva grinding against his erect penis as she takes control of the vigorous vaginal sex. Meanwhile, {actor0} is sitting comfortably on the bottom, his hands gripped around {actor1}'s hips, holding on tight, and {actor1} has her arms wrapped sensually around {actor0}'s torso, pulling him into a one-sided hug."
"NibblesLapfuck2-2","NibblesLapFuck2_S2","{actor0} sits on the bottom, with {actor1} straddling him in a cowgirl position, her feet planted firmly on the ground. As they engage in passionate vaginal sex, {actor1} takes the lead, moving rhythmically on top of {actor0}, who grasps her hips, his hands holding tight as they both savor the intimate connection."
"NibblesLapfuck2-4","NibblesLapFuck2_S4","{actor0} is sitting on the bottom, while {actor1} straddles him, her feet planted firmly on the ground. As she assumes the cowgirl position, she gently nibbles on his neck, sending shivers down his spine. Meanwhile, {actor0} grasps {actor1}'s hip with one hand, holding her close, while {actor1} actively rides him, her vulva enveloping his penis in a sensual vaginalsex motion. {actor0} wraps his arms around {actor1}, pulling her into a one-sided hug, drawing her closer to his chest."
"NibblesMissionary2-3","Nibblesmissionary2_S3","{actor0} mounts {actor1} in a classic missionary position,  but flips it around, with {actor1} actually on top and {actor0} on all fours, as {actor1} wraps her arms around him, pulling him into a sensual hug. At the same time, they engage in passionate, sexual vaginal intercourse, with {actor0}'s penis inside {actor1}'s vulva."
"NibblesMissionary2-5","Nibblesmissionary2_S5","{actor0} is on top of {actor1}, in a missionary position, with his erect cock thrusting into her moist vulva as they engage in passionate, sensual vaginalsex. Meanwhile, they're nibbling on each other's lips, locked in a romantic and sensual kiss, while {actor1}'s hand wraps around {actor0}'s, their fingers intertwined in a tender gesture, as {actor0} reaches climax, his body shuddering in ecstasy."
"NibblesScrew-5","NibblesScrew_S5","{actor0} kneels between {actor1}'s legs as she lies back, his erect cock sliding into her pussy in a slow, sensual missionary position. At the same time, he grasps her hip with one hand, holding her close, while she wraps her arms around him, pulling him into a tight, one-sided hug, nibbling on his shoulder."
"NibblesScrew-6","NibblesScrew_S6","{actor0} is lying on top of {actor1} in a missionary position, with his shaft thrusting into her wet snatch as they share a passionate, sensual kiss. They're both climaxing, their bodies entwined as they hold each other in a tight, sensual hug, with {actor1}'s arms wrapped around {actor0}'s torso and his arms around her, pulling her close."
"NibblesSidewaysfuck-5","NibblesSidewaysFuck_S5","{actor0}, his feet planted firmly on the ground, lies on his side, his body tense in the throes of orgasm, as he thrusts his cock into {actor1}, who is also lying on her side, her legs spread wide. At the same time, he wraps his arms around her, holding her close in a sensual one-sided hug. Meanwhile, {actor1} is also rubbing her own clitoris with her hand, adding to her own building ecstasy."
"NibblesThreesomestanding-3","Nibblesthreesomestanding_S3","{actor2} is suspended in mid-air, her legs spread wide as {actor0} stands before her, his feet planted firmly on the ground, his cock buried deep in her pussy. At the same time, {actor1} stands behind her, his hands grasping her body, his penis thrusting into her ass, while {actor0} holds onto her leg for leverage. As they both pound into her, {actor2} wraps her arms around {actor0}, pulling him into a tight hug, her nipples pressed against his chest. The air is thick with the sound of their labored breathing and the smell of sex, as the trio hurtles towards a frenzied climax."
"NibblesAfDrunkmasturbation-6","NibblesDrunkMasturbation_S6","{actor0} is lying on her side, her hands between her legs as she indulges in some solo pleasure. She's fingering her own pussy, rubbing her clitoris in a sensual motion, lost in her own orgasmic high, her body trembling with each wave of ecstasy as she reaches her peak."
"NibblesAfSpankingchair-1","NibblesSpankingChair_S1","{actor0} is sitting in the chair with his feet planted firmly on the ground, while {actor1} is lying on her front, her body stretched out before him, her skin vulnerable to his touch. The air is charged with anticipation, as if waiting for the moment when he'll reach out and spank her, or lean in to nibble on her skin."
"NibblesAfTablestandingfront-1","NibblesTableStandingFront_S1","{actor0} stands next to the table with his feet on the ground, his dick buried deep inside {actor1}'s pussy as she sits on the edge, her legs wrapped around his waist. At the same time, he wraps his arms around her, holding her close in a sensual one-sided hug, as they share a romantic and sensual kiss, his lips pressed against hers, their tongues intertwined, while he gently nibbles on her lip."
